site,c_s,a,g,b0,i_max,sm,ro,et,sum
Germany,210,2,0.2,0.4,20,0.8726544637147153,0.6070050089502953,0.8962901218247548,2.3759495944897653
Germany,210,2,0.2,0.4,40,0.8744229103033915,0.5913091819344778,0.8967590293082418,2.3624911215461113
Germany,210,2,0.2,0.4,200,0.8738011525455914,0.5888032332717158,0.8967860224031579,2.359390408220465
Germany,210,2,0.2,0.6,20,0.871468533028904,0.6289500889006283,0.8901849131813391,2.3906035351108716
Germany,210,2,0.2,0.6,40,0.8708537000821481,0.604989314947745,0.8911574156268928,2.367000430656786
Germany,210,2,0.2,0.6,200,0.8703611914706386,0.6020431014016612,0.8911932430360274,2.363597535908327
Germany,210,2,0.2,0.8,20,0.8655069255481942,0.63082726382539,0.8770250562027977,2.373359245576382
Germany,210,2,0.2,0.8,40,0.8640390671197805,0.5974413348112281,0.8795565232285801,2.341036925159589
Germany,210,2,0.2,0.8,200,0.8636336486944707,0.5938789078652333,0.8796190324407067,2.3371315890004105
Germany,210,2,0.5,0.4,20,0.8671183754814392,0.5997834266799958,0.8877600364043431,2.3546618385657783
Germany,210,2,0.5,0.4,40,0.8699671968137437,0.5856197353780991,0.8889480044138267,2.3445349366056694
Germany,210,2,0.5,0.4,200,0.8694653032296309,0.5831521616956871,0.8890072569727655,2.3416247218980835
Germany,210,2,0.5,0.6,20,0.8648600364510063,0.6203410014260531,0.8751855720958587,2.360386609972918
Germany,210,2,0.5,0.6,40,0.8658265466941646,0.59880168241511,0.8771637577473997,2.3417919868566743
Germany,210,2,0.5,0.6,200,0.8654788806525143,0.5959508166335841,0.8772322251866042,2.3386619224727028
Germany,210,2,0.5,0.8,20,0.8592697112545757,0.6264182505456689,0.8569783329095702,2.342666294709815
Germany,210,2,0.5,0.8,40,0.8596917727140838,0.598099311870759,0.860090442102357,2.3178815266872
Germany,210,2,0.5,0.8,200,0.8594431816334961,0.5947706120691099,0.8601749723244799,2.314388766027086
Germany,210,2,0.8,0.4,20,0.8613779810702075,0.5938634731631722,0.8797391221468253,2.334980576380205
Germany,210,2,0.8,0.4,40,0.8651198139518881,0.5810481939434095,0.8815765058047503,2.327744513700048
Germany,210,2,0.8,0.4,200,0.8647105983066253,0.5786138581587441,0.8816583506023644,2.324982807067734
Germany,210,2,0.8,0.6,20,0.8569777531989367,0.6133798756796764,0.8628289165735293,2.3331865454521425
Germany,210,2,0.8,0.6,40,0.8591288223673286,0.5934913639580257,0.8654692199522912,2.3180894062776454
Germany,210,2,0.8,0.6,200,0.8588750721318836,0.590718944882466,0.8655521978699203,2.31514621488427
Germany,210,2,0.8,0.8,20,0.8498921290108683,0.6207681237111631,0.8420649784960917,2.3127252312181232
Germany,210,2,0.8,0.8,40,0.8514538941603613,0.5956001420542925,0.8455019096885864,2.2925559459032403
Germany,210,2,0.8,0.8,200,0.8512930513873206,0.5924342553489597,0.8455879025609778,2.289315209297258
Germany,210,4,0.2,0.4,20,0.8685226089063841,0.604146288521029,0.8988515350512181,2.371520432478631
Germany,210,4,0.2,0.4,40,0.869797945248756,0.5890585156151183,0.8991052079198356,2.3579616687837097
Germany,210,4,0.2,0.4,200,0.8695604595424284,0.587641632316431,0.8991175806336159,2.356319672492475
Germany,210,4,0.2,0.6,20,0.8804406500494968,0.619934557584481,0.8948315195918072,2.395206727225785
Germany,210,4,0.2,0.6,40,0.8789847163326878,0.5949518874829892,0.8954167409696759,2.369353344785353
Germany,210,4,0.2,0.6,200,0.8786914475889145,0.5930112928602613,0.8954335411596899,2.3671362816088655
Germany,210,4,0.2,0.8,20,0.8765474722692831,0.6128742226784903,0.8851319538287193,2.3745536487764927
Germany,210,4,0.2,0.8,40,0.8738797896275312,0.5773429487463569,0.8867205429057482,2.3379432812796366
Germany,210,4,0.2,0.8,200,0.8735169853254495,0.5746940418724161,0.8867485040759288,2.3349595312737943
Germany,210,4,0.5,0.4,20,0.8617541698850145,0.5999674578821906,0.8939611342890174,2.3556827620562224
Germany,210,4,0.5,0.4,40,0.863709553022721,0.5859458360037756,0.8945855408076875,2.344240929834184
Germany,210,4,0.5,0.4,200,0.8635334352583087,0.5845467618136462,0.894612298630457,2.342692495702412
Germany,210,4,0.5,0.6,20,0.8716200240959086,0.6160545165892762,0.8851141198098164,2.3727886604950013
Germany,210,4,0.5,0.6,40,0.8712554443431012,0.5928803689857725,0.8863416479864668,2.3504774613153403
Germany,210,4,0.5,0.6,200,0.871054595649776,0.5909994239936432,0.8863738592754777,2.348427878918897
Germany,210,4,0.5,0.8,20,0.873419487495024,0.6140212562425093,0.8699445237486971,2.3573852674862303
Germany,210,4,0.5,0.8,40,0.8720957006496228,0.5823460287313889,0.8722330891353948,2.3266748185164063
Germany,210,4,0.5,0.8,200,0.8718819342806963,0.5798609692574079,0.8722752550403329,2.324018158578437
Germany,210,4,0.8,0.4,20,0.8553105588097354,0.5963655439068015,0.8891359818977246,2.3408120846142615
Germany,210,4,0.8,0.4,40,0.8578862882560234,0.5832454420659672,0.8900740117905729,2.3312057421125636
Germany,210,4,0.8,0.4,200,0.8577619894924732,0.5818625782523877,0.8901106218806322,2.329735189625493
Germany,210,4,0.8,0.6,20,0.8621007491953392,0.6125828122604682,0.8766659982087696,2.351349559664577
Germany,210,4,0.8,0.6,40,0.8628169428687824,0.5908289730107643,0.878273118731592,2.331919034611139
Germany,210,4,0.8,0.6,200,0.8626824320626567,0.5890012194057419,0.8783113477630764,2.329994999231475
Germany,210,4,0.8,0.8,20,0.8625537084788591,0.6134673444170579,0.8586536959624349,2.334674748858352
Germany,210,4,0.8,0.8,40,0.8624853462570709,0.584210607998593,0.8611585563519559,2.30785451060762
Germany,210,4,0.8,0.8,200,0.8623541994624127,0.5818515403964476,0.8611991943808783,2.3054049342397382
Germany,210,8,0.2,0.4,20,0.8360664114207732,0.5971497519296708,0.9002965148872526,2.333512678237697
Germany,210,8,0.2,0.4,40,0.834036780648782,0.5855955779287692,0.9004115028223493,2.3200438613999004
Germany,210,8,0.2,0.4,200,0.8337535572028965,0.5825657746297356,0.9004295473048264,2.3167488791374584
Germany,210,8,0.2,0.6,20,0.8689566655717457,0.6051711318598846,0.8973295314834588,2.3714573289150893
Germany,210,8,0.2,0.6,40,0.8677086238487985,0.5850414170820865,0.8977007418042879,2.350450782735173
Germany,210,8,0.2,0.6,200,0.8671573448292254,0.5811415767549585,0.8977291204862576,2.346028042070442
Germany,210,8,0.2,0.8,20,0.8773223817607602,0.5925284187977689,0.8887649548593636,2.3586157554178926
Germany,210,8,0.2,0.8,40,0.8742369868037086,0.5626933136451434,0.8899862666429457,2.3269165670917977
Germany,210,8,0.2,0.8,200,0.8737593438054285,0.5594518414686661,0.8900158270481086,2.3232270123222034
Germany,210,8,0.5,0.4,20,0.8305141304214595,0.5950285268948694,0.8974901900738308,2.32303284739016
Germany,210,8,0.5,0.4,40,0.8282974006350196,0.5840868119717886,0.897770147178718,2.310154359785526
Germany,210,8,0.5,0.4,200,0.828117021741534,0.581079633044893,0.8978093641673885,2.3070060189538157
Germany,210,8,0.5,0.6,20,0.8610010903235417,0.604239911512603,0.8906496079828372,2.355890609818982
Germany,210,8,0.5,0.6,40,0.8597732777949113,0.5852085607022733,0.8914615137595389,2.3364433522567234
Germany,210,8,0.5,0.6,200,0.8593746913185739,0.5813219350969404,0.8915186376135478,2.3322152640290623
Germany,210,8,0.5,0.8,20,0.8793512663554044,0.5958147330360918,0.8763629276922192,2.3515289270837156
Germany,210,8,0.5,0.8,40,0.8768035972990941,0.5675900796174657,0.8783334029128987,2.3227270798294586
Germany,210,8,0.5,0.8,200,0.8764857235478504,0.5641217402566691,0.8783929693962031,2.3190004332007224
Germany,210,8,0.8,0.4,20,0.8251220848085924,0.5931057286355145,0.8945601036980705,2.3127879171421775
Germany,210,8,0.8,0.4,40,0.8228500684951912,0.582712548805391,0.8949716254696836,2.300534242770266
Germany,210,8,0.8,0.4,200,0.8227568601250268,0.5797276663460215,0.8950260485965573,2.297510575067606
Germany,210,8,0.8,0.6,20,0.8523043437411714,0.603379674317108,0.8845689278047859,2.3402529458630656
Germany,210,8,0.8,0.6,40,0.8510618735303728,0.5852070380127004,0.8856401504050287,2.321909061948102
Germany,210,8,0.8,0.6,200,0.8507888136942291,0.5813399173757385,0.8857115129069055,2.3178402439768733
Germany,210,8,0.8,0.8,20,0.8684446749571555,0.5967395807580008,0.8672688180380265,2.332453073753183
Germany,210,8,0.8,0.8,40,0.8665632795249205,0.5705298252479464,0.869427791137601,2.306520895910468
Germany,210,8,0.8,0.8,200,0.8663371255573815,0.5668966021863237,0.8694986416006338,2.302732369344339
Germany,420,2,0.2,0.4,20,0.8292092869662012,0.5978226392829472,0.8979939564066907,2.325025882655839
Germany,420,2,0.2,0.4,40,0.8261723374574466,0.5825896527371069,0.89823344514154,2.3069954353360935
Germany,420,2,0.2,0.4,200,0.8248670114539575,0.5794416781750656,0.8982531123370687,2.3025618019660916
Germany,420,2,0.2,0.6,20,0.819340132532672,0.6258669622974429,0.894632512773812,2.3398396076039267
Germany,420,2,0.2,0.6,40,0.8143269941688361,0.6033240215664296,0.8950569841126331,2.3127079998478988
Germany,420,2,0.2,0.6,200,0.8133902872170289,0.5997267293037558,0.8950806959578642,2.308197712478649
Germany,420,2,0.2,0.8,20,0.8053532544574598,0.6345658226981606,0.8892488870986736,2.3291679642542937
Germany,420,2,0.2,0.8,40,0.8000471058837323,0.6067347995107852,0.8900627874296937,2.2968446928242114
Germany,420,2,0.2,0.8,200,0.7992988601317651,0.602483300899995,0.8900937620839385,2.2918759231156987
Germany,420,2,0.5,0.4,20,0.8338583031223166,0.5924344215534297,0.8917562258649181,2.318048950540664
Germany,420,2,0.5,0.4,40,0.8316133916105444,0.5782323878760737,0.8924105625488169,2.302256342035435
Germany,420,2,0.5,0.4,200,0.830405921467282,0.5751246405716032,0.8924595576324791,2.2979901196713644
Germany,420,2,0.5,0.6,20,0.8305494006665552,0.618250817831648,0.8837036431854036,2.332503861683607
Germany,420,2,0.5,0.6,40,0.8264364156118261,0.5970533740601817,0.8847562090903841,2.308245998762392
Germany,420,2,0.5,0.6,200,0.8256145700670688,0.5935537217233359,0.8848144201671037,2.3039827119575085
Germany,420,2,0.5,0.8,20,0.8250837530776604,0.6305094168451743,0.8727882813068603,2.3283814512296948
Germany,420,2,0.5,0.8,40,0.8207741726127925,0.6048175071214199,0.8743840211259166,2.299975700860129
Germany,420,2,0.5,0.8,200,0.8201551359151511,0.6008150043744348,0.8744558560631871,2.295425996352773
Germany,420,2,0.8,0.4,20,0.8363479897509046,0.5879235711887986,0.885599375467083,2.309870936406786
Germany,420,2,0.8,0.4,40,0.8348548478222223,0.5745547927639957,0.8866680505578982,2.296077691144116
Germany,420,2,0.8,0.4,200,0.8337274866272492,0.5714820514512516,0.8867452651014445,2.2919548031799453
Germany,420,2,0.8,0.6,20,0.8356426509341152,0.6114165011298652,0.8736859814962368,2.320745133560217
Germany,420,2,0.8,0.6,40,0.8324184115860019,0.5915323666105744,0.8752646346783506,2.299215412874927
Germany,420,2,0.8,0.6,200,0.8316799268045176,0.5881109830596053,0.8753539054508973,2.2951448153150205
Germany,420,2,0.8,0.8,20,0.8323829131523602,0.624003852324622,0.859164081905152,2.3155508473821342
Germany,420,2,0.8,0.8,40,0.8289915471977239,0.6001396793948492,0.8612850814479803,2.2904163080405535
Germany,420,2,0.8,0.8,200,0.8284551232933127,0.5963030608218113,0.8613898361578858,2.28614802027301
Germany,420,4,0.2,0.4,20,0.8682592837236562,0.6085084283949557,0.8993859568308956,2.3761536689495073
Germany,420,4,0.2,0.4,40,0.8687303284501662,0.5926060818602323,0.8995810140075621,2.3609174243179605
Germany,420,4,0.2,0.4,200,0.8678888839061183,0.5899993540745152,0.8995941885722087,2.357482426552842
Germany,420,4,0.2,0.6,20,0.8605037650862435,0.6332224985128082,0.8970206662238218,2.3907469298228734
Germany,420,4,0.2,0.6,40,0.8584068681398318,0.6083077854726087,0.8973451710177759,2.3640598246302162
Germany,420,4,0.2,0.6,200,0.8576691957635508,0.6051798995919654,0.897360873049909,2.3602099684054254
Germany,420,4,0.2,0.8,20,0.8337719910130507,0.6339516550752939,0.8931042428795973,2.360827888967942
Germany,420,4,0.2,0.8,40,0.8313129759262023,0.5985357676411361,0.8936626733574261,2.323511416924765
Germany,420,4,0.2,0.8,200,0.8306058619143022,0.5946027985995035,0.8936822970375751,2.318890957551381
Germany,420,4,0.5,0.4,20,0.8668031138344116,0.6044966234405625,0.8953598624411276,2.366659599716102
Germany,420,4,0.5,0.4,40,0.8677667610814145,0.5894053699705956,0.8958746760394564,2.3530468070914665
Germany,420,4,0.5,0.4,200,0.86700022769014,0.5868214757408325,0.8959059308124084,2.349727634243381
Germany,420,4,0.5,0.6,20,0.8645432948705126,0.6282193870805173,0.8895961116995339,2.382358793650564
Germany,420,4,0.5,0.6,40,0.8631037297419453,0.6048990843001142,0.8904284368436932,2.3584312508857526
Germany,420,4,0.5,0.6,200,0.8624744806527119,0.6018326829643612,0.8904646726394949,2.354771836256568
Germany,420,4,0.5,0.8,20,0.8530696241584714,0.6344494833835943,0.8810066122280914,2.3685257197701572
Germany,420,4,0.5,0.8,40,0.8507415079142034,0.6020382621304141,0.8823074474201644,2.335087217464782
Germany,420,4,0.5,0.8,200,0.8501805495240863,0.5983033735741681,0.8823512328637939,2.330835155962048
Germany,420,4,0.8,0.4,20,0.864728774262712,0.600940228221878,0.8913532460012744,2.3570222484858645
Germany,420,4,0.8,0.4,40,0.8661184584562497,0.5865524445350232,0.892192810692128,2.3448637136834005
Germany,420,4,0.8,0.4,200,0.8654162259679806,0.5839899961611477,0.8922399327021212,2.3416461548312495
Germany,420,4,0.8,0.6,20,0.864644601802799,0.6236342661155759,0.8826393119134657,2.3709181798318406
Germany,420,4,0.8,0.6,40,0.8639009919157387,0.6015730241208177,0.8839286866951631,2.3494027027317195
Germany,420,4,0.8,0.6,200,0.8633538966419283,0.5985621617854998,0.8839811734336872,2.3458972318611155
Germany,420,4,0.8,0.8,20,0.8582539874544916,0.6317555723165778,0.8707802730593045,2.3607898328303736
Germany,420,4,0.8,0.8,40,0.8565311665881706,0.6018751480638125,0.8726342628257204,2.3310405774777037
Germany,420,4,0.8,0.8,200,0.8560682266091975,0.59828309289173,0.87269455601157,2.327045875512497
Germany,420,8,0.2,0.4,20,0.8689785778142644,0.6052073111415807,0.9005088804795182,2.3746947694353633
Germany,420,8,0.2,0.4,40,0.8689979888209713,0.5897301723577203,0.9006283065647275,2.359356467743419
Germany,420,8,0.2,0.4,200,0.8686710930069389,0.5882527930134076,0.9006347772872613,2.357558663307608
Germany,420,8,0.2,0.6,20,0.8808320218881954,0.6226255802845301,0.8987968692048088,2.4022544713775345
Germany,420,8,0.2,0.6,40,0.878466741888766,0.5968834609460515,0.8990350934590293,2.374385296293847
Germany,420,8,0.2,0.6,200,0.8780545211965589,0.5948287841484176,0.8990435284078045,2.371926833752781
Germany,420,8,0.2,0.8,20,0.8499918676899989,0.6150663114873695,0.8954850853558248,2.3605432645331934
Germany,420,8,0.2,0.8,40,0.847420107319242,0.5733139563407433,0.8959317023258809,2.3166657659858663
Germany,420,8,0.2,0.8,200,0.846860159401475,0.5704071291747319,0.8959428956059632,2.3132101841821697
Germany,420,8,0.5,0.4,20,0.8653900578979576,0.6028917076967512,0.898187544908452,2.3664693105031605
Germany,420,8,0.5,0.4,40,0.8657347110089827,0.587977129200984,0.8984908777081133,2.3522027179180798
Germany,420,8,0.5,0.4,200,0.8654425562306719,0.586510211752666,0.898506005868948,2.350458773852286
Germany,420,8,0.5,0.6,20,0.87947889479293,0.6203056950875353,0.8940121111035491,2.3937967009840144
Germany,420,8,0.5,0.6,40,0.8775079027101121,0.5956105361210017,0.8945992069571833,2.3677176457882974
Germany,420,8,0.5,0.6,200,0.8771618361027776,0.5935896948569809,0.8946181590149808,2.3653696899747394
Germany,420,8,0.5,0.8,20,0.8713793433226216,0.6161376150385708,0.8866485611041882,2.3741655194653806
Germany,420,8,0.5,0.8,40,0.8686043882688971,0.5803988395255443,0.8876974344006732,2.3367006621951143
Germany,420,8,0.5,0.8,200,0.8681733938593682,0.5776206998054068,0.8877215398807171,2.333515633545492
Germany,420,8,0.8,0.4,20,0.8617896408255913,0.6007528671399287,0.8958384906675747,2.358380998633095
Germany,420,8,0.8,0.4,40,0.8624349470162016,0.5863655006310445,0.8963205019338636,2.34512094958111
Germany,420,8,0.8,0.4,200,0.8621746056552387,0.5849086392077947,0.8963430435178982,2.3434262883809316
Germany,420,8,0.8,0.6,20,0.8761326685911156,0.6181369038343102,0.8894515283738751,2.383721100799301
Germany,420,8,0.8,0.6,40,0.8746543656495371,0.594350690831036,0.8903382243319479,2.359343280812521
Germany,420,8,0.8,0.6,200,0.8743596127841873,0.5923629697515035,0.8903650578523745,2.357087640388065
Germany,420,8,0.8,0.8,20,0.8755307465789549,0.616450415772517,0.8791700387599937,2.3711512011114655
Germany,420,8,0.8,0.8,40,0.873161681984498,0.5831654301784713,0.8806497910587959,2.3369769032217653
Germany,420,8,0.8,0.8,200,0.8728196268535197,0.5804830329268177,0.8806819022450315,2.333984562025369
Germany,840,2,0.2,0.4,20,0.7364432924864535,0.5773305341048912,0.8998243173166395,2.213598143907984
Germany,840,2,0.2,0.4,40,0.7294243289270295,0.5595998492030805,0.899924010337216,2.188948188467326
Germany,840,2,0.2,0.4,200,0.7273680955722942,0.556087673879296,0.8999351573339107,2.183390926785501
Germany,840,2,0.2,0.6,20,0.7125332163163574,0.6006323711431963,0.898180681185293,2.2113462686448466
Germany,840,2,0.2,0.6,40,0.7055786930968416,0.5748632127436135,0.8983538381551426,2.1787957439955976
Germany,840,2,0.2,0.6,200,0.704255779534153,0.5707926964507885,0.898366671349646,2.1734151473345875
Germany,840,2,0.2,0.8,20,0.6867455134589979,0.6102980513059133,0.8958889911138108,2.192932555878722
Germany,840,2,0.2,0.8,40,0.6816140652437402,0.5777838113097296,0.8961797695349563,2.155577646088426
Germany,840,2,0.2,0.8,200,0.6806370432359948,0.5729154360281563,0.8961951442522227,2.1497476235163737
Germany,840,2,0.5,0.4,20,0.7463778769424628,0.5740113298472538,0.8964481536154334,2.21683736040515
Germany,840,2,0.5,0.4,40,0.7397034830921132,0.5574439437834297,0.8967031711155365,2.193850597991079
Germany,840,2,0.5,0.4,200,0.7376542567874246,0.5539823287333618,0.8967313176131468,2.1883679031339334
Germany,840,2,0.5,0.6,20,0.732359154371551,0.5963991613229364,0.8923248557212801,2.2210831714157675
Germany,840,2,0.5,0.6,40,0.7254232096368143,0.5719806172451256,0.8927483887067444,2.190152215588684
Germany,840,2,0.5,0.6,200,0.7241090156519022,0.5680538545863321,0.8927811046183457,2.18494397485658
Germany,840,2,0.5,0.8,20,0.718852155133038,0.6077674549786726,0.8870163547765981,2.213635964888309
Germany,840,2,0.5,0.8,40,0.7128371203910325,0.5793184026121728,0.8876507752947927,2.179806298297998
Germany,840,2,0.5,0.8,200,0.7118665037761468,0.5748155872294575,0.8876897198963595,2.1743718109019636
Germany,840,2,0.8,0.4,20,0.7541375642099122,0.5711017124628183,0.8930735116231976,2.218312788295928
Germany,840,2,0.8,0.4,40,0.7478350371552166,0.5555339956645154,0.8934787605427029,2.196847793362435
Germany,840,2,0.8,0.4,200,0.7457930705216459,0.5521146054222714,0.8935240899422207,2.1914317658861378
Germany,840,2,0.8,0.6,20,0.7462956369570223,0.5915634613270961,0.886679031003614,2.2245381292877324
Germany,840,2,0.8,0.6,40,0.7396812585331534,0.5690918057903352,0.8873165163104993,2.196089580633988
Germany,840,2,0.8,0.6,200,0.7383775198004694,0.565269857693343,0.887369320274767,2.191016697768579
Germany,840,2,0.8,0.8,20,0.7385946937263905,0.6040735114707576,0.8789742725575956,2.221642477754744
Germany,840,2,0.8,0.8,40,0.7326025493873322,0.5774334745722595,0.8798508443491236,2.189886868308715
Germany,840,2,0.8,0.8,200,0.731642957048887,0.5731511251453346,0.8799129664746747,2.1847070486688964
Germany,840,4,0.2,0.4,20,0.8067213499414035,0.5952422582677653,0.9002409588706791,2.302204567079848
Germany,840,4,0.2,0.4,40,0.8003209768538843,0.5799793312639945,0.9003303662246906,2.2806306743425697
Germany,840,4,0.2,0.4,200,0.7987142532024328,0.5767599486295346,0.9003393804153798,2.275813582247347
Germany,840,4,0.2,0.6,20,0.7901816887888092,0.6218559703938479,0.8989786982602902,2.311016357442947
Germany,840,4,0.2,0.6,40,0.7834403070979203,0.5995753811446195,0.8991080897770461,2.282123778019586
Germany,840,4,0.2,0.6,200,0.7822626463702758,0.5958254960268432,0.8991180785328811,2.27720622093
Germany,840,4,0.2,0.8,20,0.7562709413853415,0.6271643403617487,0.897331968302732,2.280767250049822
Germany,840,4,0.2,0.8,40,0.750424882658938,0.5982750527649702,0.8975199974327978,2.246219932856706
Germany,840,4,0.2,0.8,200,0.749442945402319,0.5936628135616049,0.8975312501701201,2.240637009134044
Germany,840,4,0.5,0.4,20,0.8096972478757746,0.5925483019742768,0.8974921113272297,2.2997376611772813
Germany,840,4,0.5,0.4,40,0.8035625497116498,0.5778196881162424,0.8977330937458826,2.2791153315737747
Germany,840,4,0.5,0.4,200,0.8020073331725751,0.574623919504088,0.8977555598120328,2.2743868124886957
Germany,840,4,0.5,0.6,20,0.8014343364092701,0.6188643571106592,0.894239727897018,2.3145384214169473
Germany,840,4,0.5,0.6,40,0.7948475886129003,0.5969722723333848,0.8945848370207984,2.2864046979670833
Germany,840,4,0.5,0.6,200,0.7937365868938876,0.5932916849637554,0.8946098168595239,2.281638088717167
Germany,840,4,0.5,0.8,20,0.7810889564910396,0.6273109582239985,0.8900750343960232,2.2984749491110614
Germany,840,4,0.5,0.8,40,0.7747370150931194,0.6012688593729248,0.8905585160378682,2.2665643905039126
Germany,840,4,0.5,0.8,200,0.7738349106627759,0.596887017400643,0.8905867729817666,2.2613087010451856
Germany,840,4,0.8,0.4,20,0.811716264676464,0.5901020534650923,0.89469642501854,2.2965147431600963
Germany,840,4,0.8,0.4,40,0.8058476413634348,0.5758297240752067,0.8950992229984392,2.2767765884370808
Germany,840,4,0.8,0.4,200,0.8043384296255246,0.5726556934513075,0.8951349725495881,2.27212909562642
Germany,840,4,0.8,0.6,20,0.8092247354851906,0.615591782907254,0.8894868191401026,2.3143033375325475
Germany,840,4,0.8,0.6,40,0.8028938001635911,0.5942958988514536,0.8900543385336133,2.287244037548658
Germany,840,4,0.8,0.6,200,0.8018391376820244,0.5906733765965495,0.8900940537116655,2.282606567990239
Germany,840,4,0.8,0.8,20,0.7964003427224561,0.6262519149299941,0.8830579108187626,2.305710168471213
Germany,840,4,0.8,0.8,40,0.7902300619947648,0.6011082567487823,0.8838063931847406,2.275144711928288
Germany,840,4,0.8,0.8,200,0.7893914909424067,0.5968840537447283,0.8838511921764798,2.270126736863615
Germany,840,8,0.2,0.4,20,0.8471247061892345,0.6073922192625961,0.9007802064088142,2.355297131860645
Germany,840,8,0.2,0.4,40,0.8442458855778918,0.5914398575513057,0.9008673123901059,2.3365530555193033
Germany,840,8,0.2,0.4,200,0.843205878661546,0.5887739293750255,0.9008738105437308,2.3328536185803026
Germany,840,8,0.2,0.6,20,0.84379914216449,0.6335879313049245,0.899759248984041,2.3771463224534557
Germany,840,8,0.2,0.6,40,0.8403198607134046,0.6080876263037275,0.8998880926940451,2.348295579711177
Germany,840,8,0.2,0.6,200,0.8394236821852628,0.6048512642413502,0.8998955419738531,2.344170488400466
Germany,840,8,0.2,0.8,20,0.801971003372476,0.6306584670157643,0.8983282345026539,2.3309577048908943
Germany,840,8,0.2,0.8,40,0.7991751694217925,0.595810650103703,0.8985042919575271,2.2934901114830226
Germany,840,8,0.2,0.8,200,0.7983070908651522,0.5916158533460882,0.8985128135942181,2.2884357578054586
Germany,840,8,0.5,0.4,20,0.8457664616813573,0.6052800950846398,0.8988942122407643,2.3499407690067615
Germany,840,8,0.5,0.4,40,0.8430226657348661,0.5897443412047891,0.8991212699321824,2.3318882768718376
Germany,840,8,0.5,0.4,200,0.8420222481247716,0.5870907898880182,0.8991371144848709,2.328250152497661
Germany,840,8,0.5,0.6,20,0.8486489139550966,0.6311190588354161,0.896299108417046,2.376067081207559
Germany,840,8,0.5,0.6,40,0.8452806424872586,0.6064733153922646,0.8966401390635788,2.3483940969431023
Germany,840,8,0.5,0.6,200,0.8444481109745083,0.6032737075331315,0.8966581431779942,2.3443799616856342
Germany,840,8,0.5,0.8,20,0.822282359295256,0.6337142266953807,0.8926520774272682,2.348648663417905
Germany,840,8,0.5,0.8,40,0.8191230659416089,0.59999300620231,0.8931284824019803,2.312244554545899
Germany,840,8,0.5,0.8,200,0.8183431918410523,0.5959509862370593,0.893149038360517,2.307443216438629
Germany,840,8,0.8,0.4,20,0.844117245464588,0.603295554032001,0.8969893196280443,2.3444021191246334
Germany,840,8,0.8,0.4,40,0.8415061489082453,0.588150752400251,0.8973630735414451,2.327019974849941
Germany,840,8,0.8,0.4,200,0.8405419990352461,0.5855092607311292,0.8973877522941438,2.3234390120605193
Germany,840,8,0.8,0.6,20,0.8513698890732179,0.6286604129227553,0.892848866884567,2.3728791688805404
Germany,840,8,0.8,0.6,40,0.8481798239420086,0.6047576653704948,0.8934087027499265,2.3463461920624296
Germany,840,8,0.8,0.6,200,0.8474019123533202,0.6015921931788901,0.8934364055508311,2.3424305110830415
Germany,840,8,0.8,0.8,20,0.8345189466336328,0.6346724646620923,0.8871529072539237,2.356344318549649
Germany,840,8,0.8,0.8,40,0.831329343902565,0.6017771292444437,0.8879296041551112,2.3210360773021197
Germany,840,8,0.8,0.8,200,0.8306215583419926,0.5978512281030424,0.8879609772068311,2.316433763651866
Spain,210,2,0.2,0.4,20,,,,
Spain,210,2,0.2,0.4,40,,,,
Spain,210,2,0.2,0.4,200,,,,
Spain,210,2,0.2,0.6,20,,,,
Spain,210,2,0.2,0.6,40,,,,
Spain,210,2,0.2,0.6,200,,,,
Spain,210,2,0.2,0.8,20,,,,
Spain,210,2,0.2,0.8,40,,,,
Spain,210,2,0.2,0.8,200,,,,
Spain,210,2,0.5,0.4,20,0.8749076312757479,0.5983548793814533,0.8354721566714298,2.308734667328631
Spain,210,2,0.5,0.4,40,0.8854358483762687,0.5549449853256457,0.835283622890693,2.275664456592607
Spain,210,2,0.5,0.4,200,0.885722750310407,0.5546014852630486,0.8352542058807855,2.2755784414542415
Spain,210,2,0.5,0.6,20,,,,
Spain,210,2,0.5,0.6,40,,,,
Spain,210,2,0.5,0.6,200,,,,
Spain,210,2,0.5,0.8,20,,,,
Spain,210,2,0.5,0.8,40,,,,
Spain,210,2,0.5,0.8,200,,,,
Spain,210,2,0.8,0.4,20,0.8907184224332019,0.6053987591470548,0.8480410362824651,2.344158217862722
Spain,210,2,0.8,0.4,40,0.9013617174607785,0.5712246064254598,0.8481030191897988,2.320689343076037
Spain,210,2,0.8,0.4,200,0.9016388081574109,0.5709869727021856,0.8480671934598738,2.32069297431947
Spain,210,2,0.8,0.6,20,0.906803989128341,0.6220104241550662,0.8542098246049782,2.3830242378883852
Spain,210,2,0.8,0.6,40,0.9140065253818133,0.5834579799567319,0.852732752853055,2.3501972581916
Spain,210,2,0.8,0.6,200,0.914163209511559,0.58301589940464,0.8526632172639956,2.3498423261801946
Spain,210,2,0.8,0.8,20,0.9156511200544653,0.6352212686240808,0.8289191393500154,2.3797915280285613
Spain,210,2,0.8,0.8,40,0.9208473802439718,0.595959449080351,0.826130823485363,2.342937652809686
Spain,210,2,0.8,0.8,200,0.9209248450536409,0.5953916515579204,0.8260128596305452,2.3423293562421064
Spain,210,4,0.2,0.4,20,,,,
Spain,210,4,0.2,0.4,40,,,,
Spain,210,4,0.2,0.4,200,,,,
Spain,210,4,0.2,0.6,20,,,,
Spain,210,4,0.2,0.6,40,,,,
Spain,210,4,0.2,0.6,200,,,,
Spain,210,4,0.2,0.8,20,,,,
Spain,210,4,0.2,0.8,40,,,,
Spain,210,4,0.2,0.8,200,,,,
Spain,210,4,0.5,0.4,20,0.8723614330160621,0.6016874786259974,0.8254150846835487,2.299463996325608
Spain,210,4,0.5,0.4,40,0.8816296572822973,0.5465122455531176,0.8254932987893377,2.2536352016247525
Spain,210,4,0.5,0.4,200,0.8819740466319668,0.5466021277846007,0.8254686324116484,2.2540448068282157
Spain,210,4,0.5,0.6,20,0.8971150368091901,0.6045437131644991,0.8439000621281194,2.3455588121018085
Spain,210,4,0.5,0.6,40,0.9027672028422752,0.5308125527773061,0.8428260300158955,2.2764057856354767
Spain,210,4,0.5,0.6,200,0.9029149336463943,0.5308319300105807,0.8427628946162853,2.27650975827326
Spain,210,4,0.5,0.8,20,,,,
Spain,210,4,0.5,0.8,40,,,,
Spain,210,4,0.5,0.8,200,,,,
Spain,210,4,0.8,0.4,20,0.8954395158553757,0.6317706596787195,0.8420004324665348,2.36921060800063
Spain,210,4,0.8,0.4,40,0.903544160369331,0.5934925835350986,0.8421957306832393,2.3392324745876687
Spain,210,4,0.8,0.4,200,0.9038649561811919,0.5932963359195702,0.8421666377621099,2.339327929862872
Spain,210,4,0.8,0.6,20,0.9072768118268989,0.6287165015592467,0.8549510311747855,2.390944344560931
Spain,210,4,0.8,0.6,40,0.9133070782731234,0.5741011128571551,0.8540080489790054,2.341416240109284
Spain,210,4,0.8,0.6,200,0.9135141347260954,0.5739965048639368,0.8539583770120767,2.341469016602109
Spain,210,4,0.8,0.8,20,0.9175587541726978,0.6309277547034267,0.8345674309462202,2.3830539398223447
Spain,210,4,0.8,0.8,40,0.9219334938994724,0.5676839591959575,0.8324369261002993,2.3220543791957295
Spain,210,4,0.8,0.8,200,0.9220489593448956,0.5675092116204113,0.8323470230856631,2.32190519405097
Spain,210,8,0.2,0.4,20,,,,
Spain,210,8,0.2,0.4,40,,,,
Spain,210,8,0.2,0.4,200,,,,
Spain,210,8,0.2,0.6,20,,,,
Spain,210,8,0.2,0.6,40,,,,
Spain,210,8,0.2,0.6,200,,,,
Spain,210,8,0.2,0.8,20,,,,
Spain,210,8,0.2,0.8,40,,,,
Spain,210,8,0.2,0.8,200,,,,
Spain,210,8,0.5,0.4,20,0.8591663299032256,0.5794037537923229,0.8173224350240728,2.2558925187196213
Spain,210,8,0.5,0.4,40,0.8686036429777342,0.5169459358564171,0.8174883176749157,2.203037896509067
Spain,210,8,0.5,0.4,200,0.8690213584097453,0.5181724715799864,0.8174695362793749,2.2046633662691066
Spain,210,8,0.5,0.6,20,0.8841201747589214,0.5633730547585506,0.8413140259946538,2.2888072555121255
Spain,210,8,0.5,0.6,40,0.8903902002828146,0.45725638278330183,0.8406684074058525,2.188314990471969
Spain,210,8,0.5,0.6,200,0.890582084302828,0.4580387157552823,0.8406167783436201,2.1892375784017304
Spain,210,8,0.5,0.8,20,,,,
Spain,210,8,0.5,0.8,40,,,,
Spain,210,8,0.5,0.8,200,,,,
Spain,210,8,0.8,0.4,20,0.8846383382668139,0.645224515398441,0.8367183233078086,2.366581176973064
Spain,210,8,0.8,0.4,40,0.8926519123801575,0.6076201269890238,0.8369414056616505,2.337213445030832
Spain,210,8,0.8,0.4,200,0.8930421829717319,0.6078356990846723,0.836920521654351,2.3377984037107553
Spain,210,8,0.8,0.6,20,0.8984435392628084,0.6003277890461572,0.8535834956852756,2.3523548239942413
Spain,210,8,0.8,0.6,40,0.9049663608728891,0.5287474173444483,0.8532084631881516,2.286922241405489
Spain,210,8,0.8,0.6,200,0.9052374360920251,0.529778914355449,0.8531742275505432,2.2881905779980176
Spain,210,8,0.8,0.8,20,0.9113840552523903,0.5897901790459495,0.8357322755647572,2.336906509863097
Spain,210,8,0.8,0.8,40,0.9160816540378308,0.4977437117517699,0.8340172360866301,2.247842601876231
Spain,210,8,0.8,0.8,200,0.9162379345500103,0.4984972224475745,0.8339458084602981,2.2486809654578828
Spain,420,2,0.2,0.4,20,,,,
Spain,420,2,0.2,0.4,40,,,,
Spain,420,2,0.2,0.4,200,,,,
Spain,420,2,0.2,0.6,20,,,,
Spain,420,2,0.2,0.6,40,,,,
Spain,420,2,0.2,0.6,200,,,,
Spain,420,2,0.2,0.8,20,,,,
Spain,420,2,0.2,0.8,40,,,,
Spain,420,2,0.2,0.8,200,,,,
Spain,420,2,0.5,0.4,20,0.7227075743046737,0.5284739307093206,0.7778541738269406,2.029035678840935
Spain,420,2,0.5,0.4,40,0.7459810971414287,0.4646373798657869,0.7782304234389289,1.9888489004461447
Spain,420,2,0.5,0.4,200,0.7467453442125773,0.46441473710768455,0.7782521238016312,1.989412205121893
Spain,420,2,0.5,0.6,20,0.7363239973710823,0.5010164221778083,0.8197371679634583,2.057077587512349
Spain,420,2,0.5,0.6,40,0.7538406455480992,0.4180230761740635,0.8192617900977109,1.9911255118198734
Spain,420,2,0.5,0.6,200,0.7543606055124842,0.417414444646214,0.8192861552367808,1.991061205395479
Spain,420,2,0.5,0.8,20,0.7651235648918709,0.5021739170931573,0.8364811712155317,2.10377865320056
Spain,420,2,0.5,0.8,40,0.7786677111313182,0.4107663292894831,0.835135348175554,2.024569388596355
Spain,420,2,0.5,0.8,200,0.7789889959117411,0.40997834624931423,0.8351361562335349,2.0241034983945903
Spain,420,2,0.8,0.4,20,0.7540784850583486,0.5458863951986228,0.798579283105348,2.0985441633623196
Spain,420,2,0.8,0.4,40,0.7775393405644871,0.4944233321917587,0.7995237532153764,2.071486425971622
Spain,420,2,0.8,0.4,200,0.7782614804443732,0.4944655473726935,0.7995521379807721,2.0722791657978386
Spain,420,2,0.8,0.6,20,0.7647378042229478,0.5326470501384495,0.831952951239494,2.1293378056008914
Spain,420,2,0.8,0.6,40,0.7834986604808202,0.47215522327291126,0.8320648610122242,2.0877187447659558
Spain,420,2,0.8,0.6,200,0.7840411629794286,0.47181684024216625,0.8320947415481726,2.0879527447697677
Spain,420,2,0.8,0.8,20,0.7792332435845393,0.5297097746492684,0.845804457206908,2.1547474754407157
Spain,420,2,0.8,0.8,40,0.7953479003158346,0.4593924888211237,0.8450512979098774,2.0997916870468356
Spain,420,2,0.8,0.8,200,0.7957669839017252,0.458805858735053,0.8450686496930547,2.099641492329833
Spain,420,4,0.2,0.4,20,0.6807746734633127,0.47207633963081597,0.7300364544339978,1.8828874675281262
Spain,420,4,0.2,0.4,40,0.7087808570141906,0.3548052207483435,0.7299002768821995,1.7934863546447337
Spain,420,4,0.2,0.4,200,0.7098057731603626,0.35412338034439156,0.729902401477621,1.7938315549823751
Spain,420,4,0.2,0.6,20,,,,
Spain,420,4,0.2,0.6,40,,,,
Spain,420,4,0.2,0.6,200,,,,
Spain,420,4,0.2,0.8,20,,,,
Spain,420,4,0.2,0.8,40,,,,
Spain,420,4,0.2,0.8,200,,,,
Spain,420,4,0.5,0.4,20,0.7574157535090689,0.5247711127729532,0.7698624566611787,2.0520493229432004
Spain,420,4,0.5,0.4,40,0.7796480531887132,0.44119715061468956,0.7703250299315652,1.991170233734968
Spain,420,4,0.5,0.4,200,0.7804106581014967,0.44083449731474006,0.7703306408358083,1.9915757962520448
Spain,420,4,0.5,0.6,20,0.7341017760000702,0.4782864601013393,0.811031874286285,2.0234201103876943
Spain,420,4,0.5,0.6,40,0.7534949924675916,0.34432570567712717,0.8112046484977893,1.909025346642508
Spain,420,4,0.5,0.6,200,0.7541138148457375,0.343334105378809,0.8112280023115669,1.9086759225361134
Spain,420,4,0.5,0.8,20,0.7571533443160261,0.46758761184246833,0.8308212249934717,2.055562181151966
Spain,420,4,0.5,0.8,40,0.7710939531445321,0.3113375065427469,0.8299032290361136,1.9123346887233925
Spain,420,4,0.5,0.8,200,0.7714547672548778,0.309919885442413,0.8299088212256283,1.911283473922919
Spain,420,4,0.8,0.4,20,0.7989352152745367,0.554000882353953,0.7943353167492065,2.147271414377696
Spain,420,4,0.8,0.4,40,0.8178683004756511,0.4897293841842328,0.7950977943183288,2.1026954789782124
Spain,420,4,0.8,0.4,200,0.8184862222786137,0.4895265987726122,0.7951004094271785,2.1031132304784044
Spain,420,4,0.8,0.6,20,0.7820436647983295,0.5227158817845865,0.8291723663704345,2.1339319129533507
Spain,420,4,0.8,0.6,40,0.7998924470781056,0.4220432513152339,0.8295702991354291,2.0515059975287686
Spain,420,4,0.8,0.6,200,0.8004474089137491,0.42140145893616043,0.8295855783896411,2.0514344462395506
Spain,420,4,0.8,0.8,20,0.7856922944916996,0.5061103604449815,0.8444658327139413,2.1362684876506224
Spain,420,4,0.8,0.8,40,0.8014207338196692,0.3826063154906738,0.8441050741603436,2.0281321234706864
Spain,420,4,0.8,0.8,200,0.8018669849878086,0.38157353656282955,0.8441172432901478,2.027557764840786
Spain,420,8,0.2,0.4,20,0.6810393101498113,0.4776865124293411,0.7228905465340564,1.8816163691132086
Spain,420,8,0.2,0.4,40,0.7133216462626144,0.32849851932860574,0.7229416786104714,1.7647618442016917
Spain,420,8,0.2,0.4,200,0.714499484571358,0.32765047177878864,0.7229394356380519,1.7650893919881985
Spain,420,8,0.2,0.6,20,,,,
Spain,420,8,0.2,0.6,40,,,,
Spain,420,8,0.2,0.6,200,,,,
Spain,420,8,0.2,0.8,20,,,,
Spain,420,8,0.2,0.8,40,,,,
Spain,420,8,0.2,0.8,200,,,,
Spain,420,8,0.5,0.4,20,0.7664138551911226,0.5156689374743915,0.7632681428663847,2.0453509355318986
Spain,420,8,0.5,0.4,40,0.7885904012106064,0.39641088980065253,0.7635325757886563,1.9485338667999152
Spain,420,8,0.5,0.4,200,0.789358851777194,0.39589817358622054,0.7635243172559458,1.9487813426193603
Spain,420,8,0.5,0.6,20,0.7142654499436871,0.48094482618863493,0.8037626329353658,1.9989729090676878
Spain,420,8,0.5,0.6,40,0.7366449278056801,0.3058309804566983,0.8043389074022748,1.8468148156646533
Spain,420,8,0.5,0.6,200,0.7373784807121819,0.3042942453282544,0.8043617920478559,1.8460345180882922
Spain,420,8,0.5,0.8,20,0.7387726738779818,0.4524261871605533,0.824761976699079,2.015960837737614
Spain,420,8,0.5,0.8,40,0.7533466056247428,0.2482543337442327,0.8240573615203586,1.8256583008893341
Spain,420,8,0.5,0.8,200,0.7537470030767783,0.24579939872262346,0.8240720870635805,1.8236184888629823
Spain,420,8,0.8,0.4,20,0.8119462854212188,0.5470187196959936,0.7887559252044308,2.1477209303216434
Spain,420,8,0.8,0.4,40,0.8282449130566402,0.4535702851987801,0.7891769290212209,2.070992127276641
Spain,420,8,0.8,0.4,200,0.8288113689476737,0.4534526222465628,0.7891647018729379,2.0714286930671744
Spain,420,8,0.8,0.6,20,0.7728666969217827,0.5158766969661344,0.82513942286442,2.113882816752337
Spain,420,8,0.8,0.6,40,0.792437305410914,0.3635406222493947,0.8254738835917143,1.9814518112520227
Spain,420,8,0.8,0.6,200,0.7930613891655063,0.36245284372072806,0.8254750454632187,1.9809892783494532
Spain,420,8,0.8,0.8,20,0.7724229653518383,0.49540494371649835,0.8414186985051757,2.109246607573512
Spain,420,8,0.8,0.8,40,0.7894650880334341,0.3240569100943026,0.8411722378671342,1.954694235994871
Spain,420,8,0.8,0.8,200,0.7899716546936049,0.3222959536941509,0.8411825364383924,1.953450144826148
Spain,840,2,0.2,0.4,20,0.47006832922613995,0.46883490400388833,0.7030197269008386,1.641922960130867
Spain,840,2,0.2,0.4,40,0.4991297261414393,0.37661735218881914,0.7031561272202882,1.5789032055505468
Spain,840,2,0.2,0.4,200,0.500114252236327,0.3761913507559864,0.7031768402202702,1.5794824432125836
Spain,840,2,0.2,0.6,20,,,,
Spain,840,2,0.2,0.6,40,,,,
Spain,840,2,0.2,0.6,200,,,,
Spain,840,2,0.2,0.8,20,,,,
Spain,840,2,0.2,0.8,40,,,,
Spain,840,2,0.2,0.8,200,,,,
Spain,840,2,0.5,0.4,20,0.5188751031166678,0.4976434352882362,0.7271912810302699,1.743709819435174
Spain,840,2,0.5,0.4,40,0.5507067306055523,0.42647554987305136,0.7281425376905388,1.7053248181691425
Spain,840,2,0.5,0.4,200,0.5517690298878404,0.4264945156668122,0.7281911701996856,1.7064547157543382
Spain,840,2,0.5,0.6,20,0.5032177149026771,0.44316366022172465,0.7532501626673823,1.699631537791784
Spain,840,2,0.5,0.6,40,0.5280523819909803,0.33352224372958905,0.754426831396976,1.6160014571175454
Spain,840,2,0.5,0.6,200,0.5288488138411453,0.3328214450304432,0.7545054275102749,1.6161756863818635
Spain,840,2,0.5,0.8,20,0.5081308627381134,0.3973450373984229,0.7729658953260317,1.6784417954625679
Spain,840,2,0.5,0.8,40,0.5292650526031093,0.2526744553857696,0.7740384608554332,1.555977968844312
Spain,840,2,0.5,0.8,200,0.529895111025345,0.2515425926970123,0.7741366479637392,1.5555743516860965
Spain,840,2,0.8,0.4,20,0.5503203183843665,0.5113420039042911,0.7430411152167015,1.804703437505359
Spain,840,2,0.8,0.4,40,0.5847048413909641,0.450909592429694,0.7446270401691487,1.7802414739898067
Spain,840,2,0.8,0.4,200,0.5858302640562633,0.451191844674115,0.7446963735059695,1.7817184822363479
Spain,840,2,0.8,0.6,20,0.5424739472130322,0.48085683363057946,0.7672538841804781,1.7905846650240897
Spain,840,2,0.8,0.6,40,0.5699397177895362,0.3991820057178765,0.768970650860798,1.7380923743682106
Spain,840,2,0.8,0.6,200,0.5708056686253433,0.39895803508423516,0.7690659987903038,1.7388297024998822
Spain,840,2,0.8,0.8,20,0.543870986180242,0.44977010062231304,0.7830823855876248,1.77672347239018
Spain,840,2,0.8,0.8,40,0.5681100441361904,0.3476262994406372,0.7846963672407539,1.7004327108175814
Spain,840,2,0.8,0.8,200,0.568841009286139,0.34697552246077107,0.7848104815752869,1.700627013322197
Spain,840,4,0.2,0.4,20,0.5513008178912006,0.4526595534657821,0.6982217232773601,1.7021820946343427
Spain,840,4,0.2,0.4,40,0.5838361359883324,0.35028195022854225,0.6984336275751103,1.632551713791985
Spain,840,4,0.2,0.4,200,0.5850594970453342,0.3495378498763034,0.6984492024922694,1.633046549413907
Spain,840,4,0.2,0.6,20,,,,
Spain,840,4,0.2,0.6,40,,,,
Spain,840,4,0.2,0.6,200,,,,
Spain,840,4,0.2,0.8,20,,,,
Spain,840,4,0.2,0.8,40,,,,
Spain,840,4,0.2,0.8,200,,,,
Spain,840,4,0.5,0.4,20,0.6131058974904167,0.48688182174717615,0.7246607959656013,1.8246485152031942
Spain,840,4,0.5,0.4,40,0.6437419865858701,0.4079348228755844,0.7253988897428347,1.7770756992042893
Spain,840,4,0.5,0.4,200,0.6448914710097398,0.40754214676573075,0.7254304933906429,1.7778641111661133
Spain,840,4,0.5,0.6,20,0.5403838724772976,0.4033440882815986,0.7498364147202221,1.6935643754791183
Spain,840,4,0.5,0.6,40,0.5677196221796365,0.2441232680308748,0.7511455592336805,1.562988449444192
Spain,840,4,0.5,0.6,200,0.5686838444426245,0.24268797989612567,0.7512235320830855,1.5625953564218356
Spain,840,4,0.5,0.8,20,0.5166597599753575,0.36212818064283114,0.7678837189509091,1.6466716595690978
Spain,840,4,0.5,0.8,40,0.5396761016094888,0.13019457685477823,0.7696463806157143,1.4395170590799813
Spain,840,4,0.5,0.8,200,0.5404040969757448,0.12796144415578148,0.7697644888610439,1.4381300299925701
Spain,840,4,0.8,0.4,20,0.6535800135555199,0.5084150197270475,0.7436099109961772,1.9056049442787448
Spain,840,4,0.8,0.4,40,0.6832045419801238,0.44255675238486514,0.7447712593741643,1.8705325537391535
Spain,840,4,0.8,0.4,200,0.6842915374016303,0.4424124876084697,0.7448122044273031,1.871516229437403
Spain,840,4,0.8,0.6,20,0.6029471522727011,0.44923449359766954,0.7695044637691444,1.821686109639515
Spain,840,4,0.8,0.6,40,0.6301132941281662,0.33336327443991975,0.7711066600984223,1.7345832286665082
Spain,840,4,0.8,0.6,200,0.6310725891862679,0.3324160455388014,0.7711887326901355,1.734677367415205
Spain,840,4,0.8,0.8,20,0.5770326591388937,0.4052870610217341,0.7853954445513197,1.7677151647119476
Spain,840,4,0.8,0.8,40,0.6021610384856501,0.23194227813482501,0.7873864911392039,1.621489807759679
Spain,840,4,0.8,0.8,200,0.6029897307942016,0.23028811566698745,0.7875073152204862,1.6207851616816753
Spain,840,8,0.2,0.4,20,0.5988831581269769,0.4627883261947387,0.6951319586990256,1.756803443020741
Spain,840,8,0.2,0.4,40,0.63429184030584,0.32912811754088445,0.6954435604269132,1.6588635182736375
Spain,840,8,0.2,0.4,200,0.6356258680163283,0.3280693532430003,0.6954557227712753,1.6591509440306038
Spain,840,8,0.2,0.6,20,,,,
Spain,840,8,0.2,0.6,40,0.4694944047193926,0.07477303818273012,0.7185779516754021,1.2628453945775249
Spain,840,8,0.2,0.6,200,0.4703393345752482,0.07139449546820385,0.7186273859849542,1.2603612160284063
Spain,840,8,0.2,0.8,20,,,,
Spain,840,8,0.2,0.8,40,,,,
Spain,840,8,0.2,0.8,200,,,,
Spain,840,8,0.5,0.4,20,0.6616711048816442,0.49467231937336303,0.7216070908727888,1.8779505151277962
Spain,840,8,0.5,0.4,40,0.69329092460674,0.38374865143651726,0.7223034651589991,1.7993430412022562
Spain,840,8,0.5,0.4,200,0.6944747350909134,0.38297451794845505,0.7223230596937252,1.7997723127330936
Spain,840,8,0.5,0.6,20,0.5416703156244437,0.39650505794724494,0.7444964936789146,1.6826718672506034
Spain,840,8,0.5,0.6,40,0.5715984810406616,0.1661682888125737,0.7462589487525191,1.4840257186057544
Spain,840,8,0.5,0.6,200,0.572668930344468,0.16351580460326226,0.746347039316477,1.4825317742642072
Spain,840,8,0.5,0.8,20,0.5051545119660965,0.37691413560719383,0.7605181494194855,1.6425867969927759
Spain,840,8,0.5,0.8,40,0.52874156190458,0.0579554279045118,0.7627956453067415,1.3494926351158334
Spain,840,8,0.5,0.8,200,0.5294977660224665,0.05380699723075559,0.7629329530595572,1.3462377163127792
Spain,840,8,0.8,0.4,20,0.7054552621231266,0.5178452051454758,0.7416957069121956,1.964996174180798
Spain,840,8,0.8,0.4,40,0.7339188763015473,0.422835590172678,0.742632826876102,1.8993872933503273
Spain,840,8,0.8,0.4,200,0.7349613797709879,0.4222648731525734,0.7426530688307572,1.8998793217543186
Spain,840,8,0.8,0.6,20,0.6138082674699742,0.43480776995673454,0.766913788955126,1.8155298263818347
Spain,840,8,0.8,0.6,40,0.642777675460884,0.2594929535153149,0.7689751542328805,1.6712457832090795
Spain,840,8,0.8,0.6,200,0.6438271672390984,0.25762478403888583,0.7690634176926437,1.6705153689706278
Spain,840,8,0.8,0.8,20,0.5724561395788444,0.39278507208317964,0.7808690503424157,1.7461102620044398
Spain,840,8,0.8,0.8,40,0.598580607816824,0.12126920096156214,0.7835470111347537,1.5033968199131398
Spain,840,8,0.8,0.8,200,0.5994671604197362,0.1177747894142482,0.7836939868913656,1.50093593672535
Sweden,210,2,0.2,0.4,20,-0.2968732946183232,0.08793874249346806,0.8718850231116243,0.6629504709867692
Sweden,210,2,0.2,0.4,40,-0.28821051119111,0.09346514267921179,0.8720899771917788,0.6773446086798807
Sweden,210,2,0.2,0.4,200,-0.2881941240112526,0.09344704745239367,0.872091266326917,0.6773441897680581
Sweden,210,2,0.2,0.6,20,-0.29596866011360257,0.07622374685693623,0.8651181611976354,0.6453732479409691
Sweden,210,2,0.2,0.6,40,-0.2902166352885122,0.07950209517298663,0.8654790700694668,0.6547645299539412
Sweden,210,2,0.2,0.6,200,-0.29020824189635014,0.07947159725477264,0.8654807859274003,0.6547441412858228
Sweden,210,2,0.2,0.8,20,-0.2985131583013432,0.05579615285515365,0.8546653022488688,0.6119482968026793
Sweden,210,2,0.2,0.8,40,-0.2943673159419535,0.05494409414107116,0.8553234303871762,0.6159002085862939
Sweden,210,2,0.2,0.8,200,-0.2943635562125262,0.054897557980426365,0.8553259083448638,0.615859910112764
Sweden,210,2,0.5,0.4,20,-0.3172686733666507,0.08801795748505076,0.8582820048417027,0.6290312889601027
Sweden,210,2,0.5,0.4,40,-0.3095750119532309,0.0930035432351847,0.8587268116312629,0.6421553429132166
Sweden,210,2,0.5,0.4,200,-0.3095583349981409,0.09298423418216832,0.8587300624419538,0.6421559616259813
Sweden,210,2,0.5,0.6,20,-0.3289008763726244,0.07818348004219966,0.8424182438184481,0.5917008474880234
Sweden,210,2,0.5,0.6,40,-0.3237367069194231,0.0811900620430608,0.8431710982129389,0.6006244533365765
Sweden,210,2,0.5,0.6,200,-0.3237273289727629,0.08115936178398316,0.8431752691577272,0.6006073019689475
Sweden,210,2,0.5,0.8,20,-0.3409663903817429,0.06450563072599501,0.8228409193355313,0.5463801596797834
Sweden,210,2,0.5,0.8,40,-0.3373819639653523,0.06431742870804143,0.8239453929758453,0.5508808577185345
Sweden,210,2,0.5,0.8,200,-0.33737608103982303,0.06427368702807695,0.8239507903496381,0.5508483963378921
Sweden,210,2,0.8,0.4,20,-0.3336436810405896,0.08820349481001709,0.8443076463282969,0.5988674600977244
Sweden,210,2,0.8,0.4,40,-0.3268011382317799,0.09287414779980105,0.8449039502889586,0.6109769598569798
Sweden,210,2,0.8,0.4,200,-0.3267842561627875,0.09285402003167767,0.8449092425483383,0.6109790064172285
Sweden,210,2,0.8,0.6,20,-0.3524342535475027,0.07963082298348065,0.8196165770686467,0.5468131465046246
Sweden,210,2,0.8,0.6,40,-0.34783782052008805,0.08261918165597976,0.8206175854534682,0.5553989465893598
Sweden,210,2,0.8,0.6,200,-0.34782787865911824,0.08258863448133015,0.8206242187034062,0.5553849745256181
Sweden,210,2,0.8,0.8,20,-0.369075528288982,0.06899631519191249,0.7913375316952554,0.4912583185981859
Sweden,210,2,0.8,0.8,40,-0.366069191197989,0.06947798753178827,0.7926636046749704,0.4960724010087697
Sweden,210,2,0.8,0.8,200,-0.36606242444895687,0.06943639495761024,0.7926717211022657,0.49604569161091905
Sweden,210,4,0.2,0.4,20,-0.33361054464084605,0.08687244567102342,0.8736697007754597,0.626931601805637
Sweden,210,4,0.2,0.4,40,-0.32626244638287544,0.09027430728078645,0.8738619691119397,0.6378738300098508
Sweden,210,4,0.2,0.4,200,-0.3262399658290192,0.09025704108426527,0.8738628405545544,0.6378799158098005
Sweden,210,4,0.2,0.6,20,-0.3107709760284587,0.07767400549856328,0.8682123913021247,0.6351154207722293
Sweden,210,4,0.2,0.6,40,-0.30663070888732635,0.07939328899690616,0.8684886409997171,0.6412512211092969
Sweden,210,4,0.2,0.6,200,-0.30661635339826177,0.07936342016552576,0.868489847217177,0.641236913984441
Sweden,210,4,0.2,0.8,20,-0.2875231023828653,0.05745777416186276,0.8596735670289261,0.6296082388079235
Sweden,210,4,0.2,0.8,40,-0.285337108960793,0.05614662885324373,0.8601544517560467,0.6309639716484974
Sweden,210,4,0.2,0.8,200,-0.28532963425273195,0.05609908104207938,0.8601562239456211,0.6309256707349685
Sweden,210,4,0.5,0.4,20,-0.35252439362363,0.08656665868110926,0.8623465902362255,0.5963888552937048
Sweden,210,4,0.5,0.4,40,-0.3456639544053156,0.08956143436770789,0.8628068775438055,0.6067043575061978
Sweden,210,4,0.5,0.4,200,-0.34564231157229613,0.0895429728624159,0.8628090615236099,0.6067097228137297
Sweden,210,4,0.5,0.6,20,-0.34817083742659777,0.07711121756644387,0.8486977958874331,0.5776381760272792
Sweden,210,4,0.5,0.6,40,-0.34392085834150793,0.07839075121108678,0.8493326479335841,0.583802540803163
Sweden,210,4,0.5,0.6,200,-0.3439072340727506,0.07835988670259822,0.849335602342377,0.5837882549722246
Sweden,210,4,0.5,0.8,20,-0.34457273741345007,0.06283953743840068,0.8310559958540732,0.5493227958790238
Sweden,210,4,0.5,0.8,40,-0.34215279923657704,0.06111868321781559,0.8319692999203809,0.5509351839016194
Sweden,210,4,0.5,0.8,200,-0.3421442201048341,0.061072980732905104,0.8319733539235806,0.5509021145516517
Sweden,210,4,0.8,0.4,20,-0.3680486671319422,0.08651362517030159,0.8501152391864264,0.5685801972247858
Sweden,210,4,0.8,0.4,40,-0.36169575705045526,0.08920886165622226,0.850817373870455,0.578330478476222
Sweden,210,4,0.8,0.4,200,-0.36167484305929887,0.0891895036557815,0.8508209146611675,0.5783355752576501
Sweden,210,4,0.8,0.6,20,-0.37405369892753787,0.07725141453444626,0.8278132492816235,0.5310109648885318
Sweden,210,4,0.8,0.6,40,-0.3700855803040927,0.07831025647043258,0.828735008644847,0.5369596848111868
Sweden,210,4,0.8,0.6,200,-0.3700725232815055,0.07827889761455308,0.8287397335454723,0.5369461078785198
Sweden,210,4,0.8,0.8,20,-0.3799745990068429,0.065296456178728,0.8008615504387626,0.4861834076106477
Sweden,210,4,0.8,0.8,40,-0.37760729392036907,0.06365170967157999,0.8021001574458793,0.48814457319709015
Sweden,210,4,0.8,0.8,200,-0.3775985588834468,0.06360724497002944,0.8021063707154901,0.48811505680207273
Sweden,210,8,0.2,0.4,20,-0.3742068306639378,0.08150755236657845,0.8752266951873994,0.5825274168900401
Sweden,210,8,0.2,0.4,40,-0.36992394738307227,0.08093843507629168,0.8753618085757303,0.5863762962689497
Sweden,210,8,0.2,0.4,200,-0.3699051933200639,0.08092009740851049,0.8753622526080888,0.5863771566965353
Sweden,210,8,0.2,0.6,20,-0.3301865508077122,0.07587397016426681,0.870433108710162,0.6161205280667166
Sweden,210,8,0.2,0.6,40,-0.3277002693267528,0.07367421573906106,0.8706432656386399,0.6166172120509482
Sweden,210,8,0.2,0.6,200,-0.3276847964651847,0.0736465354146783,0.8706440655284768,0.6166058044779704
Sweden,210,8,0.2,0.8,20,-0.2821957196237225,0.059907619630870115,0.8625446901766414,0.640256590183789
Sweden,210,8,0.2,0.8,40,-0.2817749508983186,0.05756016765672828,0.8629676994238334,0.6387529161822432
Sweden,210,8,0.2,0.8,200,-0.2817609212502488,0.05751327420167598,0.8629691714215596,0.6387215243729868
Sweden,210,8,0.5,0.4,20,-0.38971688605387506,0.08129776270829646,0.8661829855576649,0.5577638622120864
Sweden,210,8,0.5,0.4,40,-0.3857331135946635,0.08062389573019761,0.8665111707942253,0.5614019529297595
Sweden,210,8,0.5,0.4,200,-0.3857151693087453,0.08060491019150551,0.8665122668119731,0.5614020076947334
Sweden,210,8,0.5,0.6,20,-0.3681870290468934,0.07311406974556221,0.8539193946627246,0.5588464353613934
Sweden,210,8,0.5,0.6,40,-0.3656175396977969,0.07066784937107701,0.8543861430481928,0.5594364527214729
Sweden,210,8,0.5,0.6,200,-0.36560390875268045,0.0706388589105877,0.8543880299245036,0.5594229800824109
Sweden,210,8,0.5,0.8,20,-0.34888320420885516,0.06262595519753628,0.8368141760755267,0.5505569270642078
Sweden,210,8,0.5,0.8,40,-0.34791565193266893,0.057760203467179104,0.8376401264267073,0.5474846779612175
Sweden,210,8,0.5,0.8,200,-0.3479041399827154,0.0577155734810196,0.8376434483889463,0.5474548818872504
Sweden,210,8,0.8,0.4,20,-0.4026205803471258,0.08132034814425747,0.8560827062164309,0.5347824740135626
Sweden,210,8,0.8,0.4,40,-0.39891390809154187,0.08056707361977815,0.8565963338277772,0.5382494993560135
Sweden,210,8,0.8,0.4,200,-0.398896735478472,0.08054756772327278,0.8565980881564892,0.5382489204012899
Sweden,210,8,0.8,0.6,20,-0.3946656440111881,0.07194140887698795,0.8356070384114015,0.5128828032772014
Sweden,210,8,0.8,0.6,40,-0.3919299176128971,0.06934854849856742,0.8363393746995588,0.5137580055852291
Sweden,210,8,0.8,0.6,200,-0.3919174611998076,0.06931875142829812,0.8363423221081374,0.5137436123366279
Sweden,210,8,0.8,0.8,20,-0.3882788854166632,0.06215755060673759,0.809052165586574,0.4829308307766484
Sweden,210,8,0.8,0.8,40,-0.3872085306690876,0.05663359052304594,0.8101639585855788,0.4795890184395371
Sweden,210,8,0.8,0.8,200,-0.38719859247386357,0.05659011791745184,0.8101689049404472,0.4795604303840355
Sweden,420,2,0.2,0.4,20,-0.24365403415849202,0.08557858814779054,0.8761111716191975,0.718035725608496
Sweden,420,2,0.2,0.4,40,-0.2340662299218839,0.0916634999160175,0.8761540790181919,0.7337513490123255
Sweden,420,2,0.2,0.4,200,-0.23406653648759232,0.09163932034255957,0.8761548409791715,0.7337276248341388
Sweden,420,2,0.2,0.6,20,-0.25340685840979665,0.0720245643798515,0.8728489371546467,0.6914666431247016
Sweden,420,2,0.2,0.6,40,-0.24748760683100848,0.07526691417285249,0.8729869942868895,0.7007663016287335
Sweden,420,2,0.2,0.6,200,-0.24749208441762202,0.07523044201497893,0.8729879647393902,0.7007263223367471
Sweden,420,2,0.2,0.8,20,-0.2598088500046096,0.05028103948724718,0.8685624758338891,0.6590346653165267
Sweden,420,2,0.2,0.8,40,-0.25559167790082366,0.04889406585769787,0.8688172019258956,0.6621195898827699
Sweden,420,2,0.2,0.8,200,-0.2555979266800316,0.048840709907630446,0.8688185206168345,0.6620613038444334
Sweden,420,2,0.5,0.4,20,-0.2518460276482095,0.08642991929082015,0.8692814613714276,0.7038653530140382
Sweden,420,2,0.5,0.4,40,-0.24303598397447557,0.09223870232242104,0.8693545653010496,0.7185572836489951
Sweden,420,2,0.5,0.4,200,-0.2430359061904237,0.09221455111724353,0.8693564522678677,0.7185350971946876
Sweden,420,2,0.5,0.6,20,-0.2657840851551284,0.07568054377829689,0.8615821094759117,0.6714785680990802
Sweden,420,2,0.5,0.6,40,-0.26046946667051407,0.0791159408743716,0.8618478599001039,0.6804943341039614
Sweden,420,2,0.5,0.6,200,-0.2604731787411892,0.07908126322121237,0.8618501900564424,0.6804582745364656
Sweden,420,2,0.5,0.8,20,-0.2752496653474999,0.06088378091505754,0.8524095598149942,0.6380436753825518
Sweden,420,2,0.5,0.8,40,-0.27177198646871686,0.06089302663100401,0.8528391248173551,0.6419601649796423
Sweden,420,2,0.5,0.8,200,-0.2717770428117237,0.06084529355724565,0.8528420415067397,0.6419102922522617
Sweden,420,2,0.8,0.4,20,-0.25926940189243525,0.08707407027549197,0.8625794485228531,0.6903841169059097
Sweden,420,2,0.8,0.4,40,-0.25110273647300696,0.09267204602789766,0.8626449897997577,0.7042142993546484
Sweden,420,2,0.8,0.4,200,-0.25110214338468,0.09264791860274553,0.8626480041991397,0.7041937794172052
Sweden,420,2,0.8,0.6,20,-0.2768480345904831,0.07784746870051691,0.850890462819107,0.6518898969291407
Sweden,420,2,0.8,0.6,40,-0.27200722075774275,0.08153066969201421,0.8511871242376262,0.6607105731718976
Sweden,420,2,0.8,0.6,200,-0.2720101698822171,0.08149721963164344,0.85119078807114,0.6606778378205663
Sweden,420,2,0.8,0.8,20,-0.28906189359816464,0.0665934625404295,0.8376574617059916,0.6151890306482565
Sweden,420,2,0.8,0.8,40,-0.2861385479754611,0.06738066845290715,0.8381592530169748,0.6194013734944208
Sweden,420,2,0.8,0.8,200,-0.2861425761985887,0.06733646785886052,0.8381636749528059,0.6193575666130777
Sweden,420,4,0.2,0.4,20,-0.25726723577229116,0.0890499450614168,0.8767118317539492,0.7084945410430747
Sweden,420,4,0.2,0.4,40,-0.24737894668436897,0.09533478270386685,0.8767753927226791,0.724731228742177
Sweden,420,4,0.2,0.4,200,-0.24736278450243745,0.09531651614371266,0.8767759629620091,0.7247296946032843
Sweden,420,4,0.2,0.6,20,-0.24875251250185376,0.0748996731503212,0.8740543148731184,0.7002014755215857
Sweden,420,4,0.2,0.6,40,-0.24273207731507734,0.07866989492192555,0.874163076809746,0.7101008944165943
Sweden,420,4,0.2,0.6,200,-0.2427258934375854,0.07863765033469448,0.87416377127457,0.7100755281716791
Sweden,420,4,0.2,0.8,20,-0.24026109684308025,0.047180292914541254,0.8706686801154374,0.6775878761868984
Sweden,420,4,0.2,0.8,40,-0.23553446698390335,0.046012056135175165,0.8708283141858174,0.6813059033370892
Sweden,420,4,0.2,0.8,200,-0.23553408779519217,0.045960023458447116,0.8708292217405776,0.6812551574038326
Sweden,420,4,0.5,0.4,20,-0.2691345764332699,0.08908628716210505,0.8705367970603757,0.6904885077892109
Sweden,420,4,0.5,0.4,40,-0.25974577229560913,0.09507729994992314,0.8706760005131275,0.7060075281674416
Sweden,420,4,0.5,0.4,200,-0.25972941191369425,0.09505846303082176,0.8706774257301068,0.7060064768472343
Sweden,420,4,0.5,0.6,20,-0.2700201913526868,0.07657122006910604,0.8638880793918988,0.6704391081083181
Sweden,420,4,0.5,0.6,40,-0.264041477988696,0.08036763365225986,0.8641138198520889,0.6804399755156527
Sweden,420,4,0.5,0.6,200,-0.2640346944984367,0.08033579937769943,0.8641155267809354,0.6804166316601981
Sweden,420,4,0.5,0.8,20,-0.26829759327319497,0.05634157060251925,0.8559009847454032,0.6439449620747275
Sweden,420,4,0.5,0.8,40,-0.26445268428582125,0.055794286691749004,0.8562255786668383,0.6475671810727661
Sweden,420,4,0.5,0.8,200,-0.2644514448675658,0.055745720018280764,0.8562276833492697,0.6475219584999847
Sweden,420,4,0.8,0.4,20,-0.27948579542711527,0.08919633375559359,0.8642005311505581,0.6739110694790365
Sweden,420,4,0.8,0.4,40,-0.2706304145198221,0.09490201269799488,0.8643967034316726,0.6886683016098454
Sweden,420,4,0.8,0.4,200,-0.2706138607236078,0.09488270490962926,0.864398999483917,0.6886678436699384
Sweden,420,4,0.8,0.6,20,-0.2870524448560879,0.07799223819851843,0.8535565402425191,0.6444963335849496
Sweden,420,4,0.8,0.6,40,-0.2814128027583595,0.08172690125223368,0.8538679276189538,0.6541820261128279
Sweden,420,4,0.8,0.6,200,-0.28140551511223283,0.0816954826500397,0.8538706563587118,0.6541606238965187
Sweden,420,4,0.8,0.8,20,-0.29127974622491054,0.061390292231162914,0.8413314021921449,0.6114419481983973
Sweden,420,4,0.8,0.8,40,-0.28762833060686516,0.06165578379901341,0.8417357503015525,0.6157632034937007
Sweden,420,4,0.8,0.8,200,-0.28762602096210244,0.06160967944941948,0.8417390400164385,0.6157226985037556
Sweden,420,8,0.2,0.4,20,-0.29821124720613446,0.08968495747650736,0.8773562775922296,0.6688299878626025
Sweden,420,8,0.2,0.4,40,-0.2901097852642525,0.09383887841412761,0.8774383895237265,0.6811674826736016
Sweden,420,8,0.2,0.4,200,-0.2900858104441949,0.09382236258153902,0.8774388118394644,0.6811753639768086
Sweden,420,8,0.2,0.6,20,-0.2650095511531229,0.08032609592990723,0.8750361300995364,0.6903526748763207
Sweden,420,8,0.2,0.6,40,-0.2609657551541153,0.08312783415426067,0.8751385976307492,0.6973006766308946
Sweden,420,8,0.2,0.6,200,-0.26095087290533037,0.08309791732463385,0.8751391439773901,0.6972861883966937
Sweden,420,8,0.2,0.8,20,-0.22578192830892407,0.05243213993255661,0.8720162835021598,0.6986664951257923
Sweden,420,8,0.2,0.8,40,-0.2230388093828476,0.05185345475245708,0.8721806957021954,0.7009953410718048
Sweden,420,8,0.2,0.8,200,-0.223033424749166,0.05180307137427313,0.8721813947885829,0.7009510414136901
Sweden,420,8,0.5,0.4,20,-0.3093749388104042,0.08936969040504536,0.8720836757457883,0.6520784273404294
Sweden,420,8,0.5,0.4,40,-0.30145845306886065,0.09326893712691454,0.8722826470414095,0.6640931310994633
Sweden,420,8,0.5,0.4,200,-0.3014349824688448,0.09325173894355697,0.8722837001230425,0.6641004565977546
Sweden,420,8,0.5,0.6,20,-0.2905338999519173,0.08001111762364435,0.8660666025112951,0.6555438201830222
Sweden,420,8,0.5,0.6,40,-0.2862027769136668,0.08245785745294468,0.8663064426503225,0.6625615231896004
Sweden,420,8,0.5,0.6,200,-0.2861882691610134,0.08242751125017839,0.8663077914341725,0.6625470335233374
Sweden,420,8,0.5,0.8,20,-0.2656414308498635,0.059578359908598846,0.8586431231673323,0.6525800522260676
Sweden,420,8,0.5,0.8,40,-0.2633091390907789,0.05931883586610702,0.8589692649975816,0.6549789617729098
Sweden,420,8,0.5,0.8,200,-0.26330254086417576,0.05927031316578472,0.8589709415553329,0.6549387138569419
Sweden,420,8,0.8,0.4,20,-0.3192124486699059,0.08917994784393432,0.8665510173397771,0.6365185165138055
Sweden,420,8,0.8,0.4,40,-0.31153974283156466,0.09285152362989635,0.8668604225370538,0.6481722033353854
Sweden,420,8,0.8,0.4,200,-0.31151673271651004,0.09283373883324698,0.8668621118511138,0.6481791179678508
Sweden,420,8,0.8,0.6,20,-0.3106216032369592,0.07981336403968196,0.8566453624623003,0.625837123265023
Sweden,420,8,0.8,0.6,40,-0.3064498373352,0.08194313517778602,0.8570066501653107,0.6324999480078968
Sweden,420,8,0.8,0.6,200,-0.3064356616686332,0.08191245662545031,0.8570088110004106,0.6324856059572277
Sweden,420,8,0.8,0.8,20,-0.29691309549715766,0.06348870312963975,0.8448056882682573,0.6113812959007394
Sweden,420,8,0.8,0.8,40,-0.2949536533972477,0.06267807691370435,0.8452687546559505,0.6129931781724072
Sweden,420,8,0.8,0.8,200,-0.29494619838871894,0.06263093551470862,0.8452714336720865,0.6129561707980762
Sweden,840,2,0.2,0.4,20,-0.24710732713440944,0.0808582139370374,0.8784410141532308,0.7121919009558588
Sweden,840,2,0.2,0.4,40,-0.2347425968799736,0.0860438965033284,0.8784525883598648,0.7297538879832197
Sweden,840,2,0.2,0.4,200,-0.2347548192807558,0.0860125015713714,0.8784530291657298,0.7297107114563454
Sweden,840,2,0.2,0.6,20,-0.27102495239173885,0.06624216790794409,0.8768212531339443,0.6720384686501495
Sweden,840,2,0.2,0.6,40,-0.2660415527170919,0.0682455386175534,0.8768879313380008,0.6790919172384623
Sweden,840,2,0.2,0.6,200,-0.2660589276414805,0.06820244348292491,0.8768884938662825,0.6790320097077269
Sweden,840,2,0.2,0.8,20,-0.28153553694127353,0.045240565826252147,0.8747855299002236,0.6384905587852022
Sweden,840,2,0.2,0.8,40,-0.279115637853344,0.04260010262261647,0.8749170583341582,0.6384015231034308
Sweden,840,2,0.2,0.8,200,-0.279132542064046,0.04254132955773602,0.8749178143044727,0.6383266017981627
Sweden,840,2,0.5,0.4,20,-0.24369006839288226,0.08234193903863836,0.8751774378500945,0.7138293084958506
Sweden,840,2,0.5,0.4,40,-0.23128800392548202,0.08751568004473514,0.8751887167832707,0.7314163929025238
Sweden,840,2,0.5,0.4,200,-0.23130002518606593,0.08748495638311456,0.8751897967099834,0.7313747279070321
Sweden,840,2,0.5,0.6,20,-0.2671972682506121,0.07052847814561174,0.8714412839466755,0.6747724938416753
Sweden,840,2,0.5,0.6,40,-0.26190264856130596,0.07327594722394012,0.8715611740481745,0.6829344727108086
Sweden,840,2,0.5,0.6,200,-0.2619197060027257,0.07323536379156173,0.8715625268146814,0.6828781846035175
Sweden,840,2,0.5,0.8,20,-0.27621949940955415,0.05582839402770644,0.8670470485445924,0.6466559431627447
Sweden,840,2,0.5,0.8,40,-0.27373405126276384,0.05487339259822907,0.8672924631533311,0.6484318044887963
Sweden,840,2,0.5,0.8,200,-0.27375050203239737,0.05482060787344277,0.8672941713816013,0.6483642772226467
Sweden,840,2,0.8,0.4,20,-0.2409589234275252,0.08354936265811816,0.8720771072500164,0.7146675464806094
Sweden,840,2,0.8,0.4,40,-0.2286000746133302,0.08868243074968,0.8720701171297538,0.7321524732661036
Sweden,840,2,0.8,0.4,200,-0.228611885726828,0.08865225845699061,0.8720718115135636,0.7321121842437261
Sweden,840,2,0.8,0.6,20,-0.26497747421643714,0.07353077202953899,0.8665061746883818,0.6750594725014836
Sweden,840,2,0.8,0.6,40,-0.25949124362966397,0.07679409437593168,0.8666359300325959,0.6839387807788636
Sweden,840,2,0.8,0.6,200,-0.25950805939785976,0.07675537360611076,0.8666380232219625,0.6838853374302135
Sweden,840,2,0.8,0.8,20,-0.2738022388836311,0.06242442574547655,0.8602059004768914,0.6488280873387369
Sweden,840,2,0.8,0.8,40,-0.2713552725735184,0.06249834870837399,0.8605120966917633,0.6516551728266189
Sweden,840,2,0.8,0.8,200,-0.2713714295496761,0.06244967802380871,0.8605146478578237,0.6515928963319564
Sweden,840,4,0.2,0.4,20,-0.18964450437485456,0.08615140262354634,0.8786707694209348,0.7751776676696266
Sweden,840,4,0.2,0.4,40,-0.17675824361517775,0.09258801701678031,0.8786752016905746,0.7945049750921771
Sweden,840,4,0.2,0.4,200,-0.1767525488766267,0.09256256026257009,0.8786755354896051,0.7944855468755485
Sweden,840,4,0.2,0.6,20,-0.21955395105008618,0.06945275641791428,0.8773751945756005,0.7272739999434286
Sweden,840,4,0.2,0.6,40,-0.21100075741934807,0.07264626568785322,0.8774048333312165,0.7390503415997217
Sweden,840,4,0.2,0.6,200,-0.21100295051589765,0.07260636072482785,0.8774052262218388,0.739008636430769
Sweden,840,4,0.2,0.8,20,-0.23805367118925366,0.040976273535430215,0.8758612298699492,0.6787838322161257
Sweden,840,4,0.2,0.8,40,-0.23185052141871354,0.03811812237215943,0.8759163582597973,0.6821839592132433
Sweden,840,4,0.2,0.8,200,-0.23185646864611048,0.038057263443399554,0.8759168524977243,0.6821176472950135
Sweden,840,4,0.5,0.4,20,-0.19299545572884566,0.08677256327032415,0.8755898492408204,0.7693669567822989
Sweden,840,4,0.5,0.4,40,-0.18059732873425577,0.09306283095561124,0.8755898909523105,0.788055393173666
Sweden,840,4,0.5,0.4,200,-0.1805916644729976,0.09303755519538746,0.8755907104602615,0.7880366011826514
Sweden,840,4,0.5,0.6,20,-0.22352150245642194,0.07263403303315119,0.8724067595375484,0.7215192901142777
Sweden,840,4,0.5,0.6,40,-0.2154635399356241,0.07602734263612511,0.8724640301189885,0.7330278328194896
Sweden,840,4,0.5,0.6,200,-0.21546586212903088,0.07598912392638223,0.8724649824308266,0.7329882442281779
Sweden,840,4,0.5,0.8,20,-0.2404699409276883,0.050384085125628995,0.8688370551725608,0.6787511993705015
Sweden,840,4,0.5,0.8,40,-0.23472872597333727,0.049024078738009104,0.8689319862829569,0.6832273390476287
Sweden,840,4,0.5,0.8,200,-0.2347344912690926,0.048968409291560565,0.8689331310290993,0.6831670490515673
Sweden,840,4,0.8,0.4,20,-0.19619721289363348,0.08728735128073452,0.8725088765635279,0.763599014950629
Sweden,840,4,0.8,0.4,40,-0.18422063635891917,0.09345189670455863,0.8724926297379445,0.781723890083584
Sweden,840,4,0.8,0.4,200,-0.18421486982549157,0.09342677946175486,0.8724939242071976,0.7817058338434609
Sweden,840,4,0.8,0.6,20,-0.22778935204626996,0.07494190861842981,0.867512367324171,0.7146649238963309
Sweden,840,4,0.8,0.6,40,-0.22019443748230041,0.07850740730192023,0.8675777443445019,0.7258907141641217
Sweden,840,4,0.8,0.6,200,-0.2201968215677308,0.07847047257953817,0.8675792401098285,0.7258528911216358
Sweden,840,4,0.8,0.8,20,-0.2443997584310356,0.056839655592407216,0.8620619366807628,0.6745018338421345
Sweden,840,4,0.8,0.8,40,-0.23920614198398998,0.056425955176793205,0.8621679573444364,0.6793877705372396
Sweden,840,4,0.8,0.8,200,-0.2392118922504331,0.056373935608433755,0.8621697124908134,0.6793317558488141
Sweden,840,8,0.2,0.4,20,-0.19743427541018288,0.09210989650257659,0.8788523144722424,0.7735279355646362
Sweden,840,8,0.2,0.4,40,-0.18694870131873279,0.09884664648679066,0.8788789058416405,0.7907768510096984
Sweden,840,8,0.2,0.4,200,-0.1869299558966886,0.09882855716554682,0.8788791716146097,0.790777772883468
Sweden,840,8,0.2,0.6,20,-0.20121002972174903,0.07710991011704638,0.8776992180712386,0.7535990984665359
Sweden,840,8,0.2,0.6,40,-0.1937058423946087,0.08175950459675306,0.877732009237262,0.7657856714394063
Sweden,840,8,0.2,0.6,200,-0.19369831508797686,0.08172623211004083,0.8777323172373682,0.7657602342594322
Sweden,840,8,0.2,0.8,20,-0.20118709444664049,0.042779867524595803,0.8763989904863901,0.7179917635643455
Sweden,840,8,0.2,0.8,40,-0.19492110395626303,0.04103655560963407,0.8764358535571863,0.7225513052105574
Sweden,840,8,0.2,0.8,200,-0.19492196940849324,0.04097698732743935,0.876436234393163,0.7224912523121091
Sweden,840,8,0.5,0.4,20,-0.20406695895930352,0.09196206583502302,0.8759909524090931,0.7638860592848126
Sweden,840,8,0.5,0.4,40,-0.1936308224086919,0.09857787978331226,0.8760488078468152,0.7809958652214355
Sweden,840,8,0.5,0.4,200,-0.19361198507958577,0.09855950611265464,0.876049466273544,0.7809969873066128
Sweden,840,8,0.5,0.6,20,-0.21241452124372504,0.07849993349155664,0.8730604561966553,0.7391458684444869
Sweden,840,8,0.5,0.6,40,-0.20536613907287887,0.08298685102006689,0.8731366257456487,0.7507573376928367
Sweden,840,8,0.5,0.6,200,-0.20535859554271824,0.08295420120656434,0.8731373772640507,0.7507329829278968
Sweden,840,8,0.5,0.8,20,-0.21352681667340032,0.05052558759042721,0.8697914394800179,0.7067902103970448
Sweden,840,8,0.5,0.8,40,-0.20801110594672448,0.049626949177756854,0.8698690402284713,0.7114848834595038
Sweden,840,8,0.5,0.8,200,-0.2080113513554291,0.049571658030586226,0.8698699384707124,0.7114302451458695
Sweden,840,8,0.8,0.4,20,-0.21012224125195111,0.0918602301798489,0.8730656405384132,0.754803629466311
Sweden,840,8,0.8,0.4,40,-0.19963929470033084,0.09839680072157475,0.8731426407755286,0.7719001467967725
Sweden,840,8,0.8,0.4,200,-0.1996203481537637,0.0983781744485601,0.8731436888950761,0.7719015151898725
Sweden,840,8,0.8,0.6,20,-0.22267963258649345,0.07951395952771875,0.868327669297807,0.7251619962390323
Sweden,840,8,0.8,0.6,40,-0.216017402759239,0.08386982122606848,0.8684405827889122,0.7362930012557417
Sweden,840,8,0.8,0.6,200,-0.21600969730864406,0.0838375668495062,0.8684417723559971,0.7362696418968593
Sweden,840,8,0.8,0.8,20,-0.22581569857406458,0.05585415392105836,0.863105363053893,0.6931438184008867
Sweden,840,8,0.8,0.8,40,-0.2208134895517918,0.05564142493743168,0.8632111090686824,0.6980390444543223
Sweden,840,8,0.8,0.8,200,-0.2208120946957535,0.05559047893313479,0.8632124836191024,0.6979908678564837
